Скважина,Давление пластовое,Тип испытания
0b0688c9273d26bdd4870035682648cf,240.0,среднее качество
0b0688c9273d26bdd4870035682648cf,130.0,среднее качество
046568c4bd1c6343c5f932ef6a21b112,340.0,низкое качество
3a36efb8cb6fe16ed8f67ab3f1c55254,165.0,среднее качество
0b0688c9273d26bdd4870035682648cf,163.0,низкое качество
a38049275cf8e4026f9e1a9d4f0951fd,77.0,низкое качество
046568c4bd1c6343c5f932ef6a21b112,375.0,среднее качество
46171066a30a051265d496e712652f72,105.0,среднее качество
46171066a30a051265d496e712652f72,166.0,среднее качество
220ed0a1cd9f15ba3053f16405bb581d,100.0,среднее качество
220ed0a1cd9f15ba3053f16405bb581d,150.0,среднее качество
a2d46cb2c0cce62767b4cd7dacc28d1e,345.3,среднее качество
a2d46cb2c0cce62767b4cd7dacc28d1e,391.0,среднее качество
b9e16cfb6864c2997566cc01a44d7e72,224.0,среднее качество
749bec5329ae4975b962a3b76c021abc,187.0,среднее качество
699fe16640ad6f66d37d491a38bf4623,87.7,среднее качество
699fe16640ad6f66d37d491a38bf4623,227.0,высокое качество
699fe16640ad6f66d37d491a38bf4623,192.0,среднее качество
8624e651d8181e8464edc668a29973f8,155.0,среднее качество
8624e651d8181e8464edc668a29973f8,150.0,среднее качество
d147dc766cf90a35a2db9d26a82746aa,108.0,среднее качество
139f7e08e0ee1482519ba728cbc592a1,235.0,низкое качество
139f7e08e0ee1482519ba728cbc592a1,170.0,низкое качество
139f7e08e0ee1482519ba728cbc592a1,157.0,среднее качество
5802df19871a6aed48dc19bf9ce69046,0.0,среднее качество
5802df19871a6aed48dc19bf9ce69046,0.0,среднее качество
eed5d3a5a07be904e34fcd8c899364e2,127.0,среднее качество
eed5d3a5a07be904e34fcd8c899364e2,184.7,среднее качество
6e853fc88aa5151c789e390a5d501499,150.0,среднее качество
3b33b93f93c2dd4cccadeaf9ddd9d671,115.0,среднее качество
93975028fa56d84f53887b672cc1256b,0.0,среднее качество
93975028fa56d84f53887b672cc1256b,101.0,среднее качество
93975028fa56d84f53887b672cc1256b,114.0,низкое качество
93975028fa56d84f53887b672cc1256b,72.0,среднее качество
93975028fa56d84f53887b672cc1256b,122.0,среднее качество
2f70ab72a25df7d2c2c4c12eabac53b2,186.0,среднее качество
2f70ab72a25df7d2c2c4c12eabac53b2,130.0,среднее качество
36ccb5a141baca1eac83e3fd5b2e4006,190.0,низкое качество
36ccb5a141baca1eac83e3fd5b2e4006,345.0,среднее качество
188a5a76c14551bbe9dfeeb39f78267d,230.0,высокое качество
820cd70e741321f99e67a46ef97a9a32,231.0,низкое качество
4e29304383706ddf0bce27b8017c0b47,249.7,среднее качество
188a5a76c14551bbe9dfeeb39f78267d,234.1,высокое качество
188a5a76c14551bbe9dfeeb39f78267d,232.0,высокое качество
cb390f02ebff7e11c39217e334ff4ba4,197.2,среднее качество
cb390f02ebff7e11c39217e334ff4ba4,0.0,среднее качество
3b33b93f93c2dd4cccadeaf9ddd9d671,170.0,среднее качество
55f2b20ebe954493b876a5b2e6bc10bd,191.0,высокое качество
55f2b20ebe954493b876a5b2e6bc10bd,191.0,среднее качество
55f2b20ebe954493b876a5b2e6bc10bd,124.0,среднее качество
55f2b20ebe954493b876a5b2e6bc10bd,170.0,среднее качество
b9e16cfb6864c2997566cc01a44d7e72,130.0,среднее качество
9d9c447a3f4544b56c9589367168e335,95.0,среднее качество
9d9c447a3f4544b56c9589367168e335,380.0,высокое качество
38d49cedfcd1f024e56824b9a285b7e9,120.0,среднее качество
8d2f1071fd97ab3f403e8ce847f4d43c,145.0,низкое качество
8d2f1071fd97ab3f403e8ce847f4d43c,253.0,низкое качество
8d2f1071fd97ab3f403e8ce847f4d43c,0.0,низкое качество
38d49cedfcd1f024e56824b9a285b7e9,135.0,среднее качество
8d2f1071fd97ab3f403e8ce847f4d43c,230.3,среднее качество
8d2f1071fd97ab3f403e8ce847f4d43c,203.0,среднее качество
6feafe3b26a5897dfcc35d6cac079918,140.0,среднее качество
388ce77c9326a8ca9bf81af1793dd10f,145.0,среднее качество
e4065cec4c7309bf698e9bb35e7410d5,416.0,среднее качество
80e7e02703c102858eabdc9fe3b9bd17,232.6,низкое качество
80e7e02703c102858eabdc9fe3b9bd17,0.0,среднее качество
80e7e02703c102858eabdc9fe3b9bd17,181.0,среднее качество
ad448f651f077f51f1975bf54aa6e619,236.0,среднее качество
9d51046a3937bb92f09e7b051a3f8d72,237.0,высокое качество
9d51046a3937bb92f09e7b051a3f8d72,241.0,низкое качество
8d2f1071fd97ab3f403e8ce847f4d43c,361.0,высокое качество
8d2f1071fd97ab3f403e8ce847f4d43c,366.0,высокое качество
d792a2c1d8d26880a4a8f5f294e03045,235.0,среднее качество
aa645f9f54a60c38ee5b16458b7e7cf2,243.0,высокое качество
aa645f9f54a60c38ee5b16458b7e7cf2,243.2,среднее качество
93fe6fe98c9e803d3e734ecc836d700c,180.0,среднее качество
b9e16cfb6864c2997566cc01a44d7e72,115.0,среднее качество
8691aa2a0555c8ecf7a7dc5cb59da057,223.0,низкое качество
93fe6fe98c9e803d3e734ecc836d700c,110.0,низкое качество
84bb8989077a42475e6eda737c24b084,135.0,среднее качество
84bb8989077a42475e6eda737c24b084,115.0,среднее качество
84bb8989077a42475e6eda737c24b084,0.0,низкое качество
ce2fccc335c8beb19a29ac729f441211,385.0,среднее качество
17fef7979c2165e83ffe13fa77fb4b2d,261.0,среднее качество
c57ab4d735d4d664cde2e65923f7a444,242.6,среднее качество
aa645f9f54a60c38ee5b16458b7e7cf2,174.3,среднее качество
81b03b50b749c7fb9d88243d2d420205,233.0,высокое качество
81b03b50b749c7fb9d88243d2d420205,130.0,среднее качество
80d6bd4ef8b47a3dfd43d5623a081e76,154.0,среднее качество
80d6bd4ef8b47a3dfd43d5623a081e76,120.0,среднее качество
c6e8bc28c76575e4e260ecb0615cf820,100.0,среднее качество
c6e8bc28c76575e4e260ecb0615cf820,172.0,среднее качество
75775ea5f538c99d1fb5f46b383cd08a,0.0,низкое качество
75775ea5f538c99d1fb5f46b383cd08a,113.0,среднее качество
75775ea5f538c99d1fb5f46b383cd08a,180.0,среднее качество
d66319ad6c73028717fd6d4c911ff3ba,194.3,среднее качество
d66319ad6c73028717fd6d4c911ff3ba,0.0,низкое качество
f53a2c38f34891b7e4d6abee97310b75,315.0,среднее качество
f53a2c38f34891b7e4d6abee97310b75,322.7,среднее качество
f63abcb03598c7026c30a5e15c5f79fe,140.0,среднее качество
f63abcb03598c7026c30a5e15c5f79fe,135.0,среднее качество
5a4202dcf17adc169ba49fb8dcd29072,198.0,низкое качество
f63abcb03598c7026c30a5e15c5f79fe,236.0,среднее качество
f63abcb03598c7026c30a5e15c5f79fe,0.0,низкое качество
f63abcb03598c7026c30a5e15c5f79fe,173.0,среднее качество
53514b4c4150ad897d82dd7d42cfc1a5,149.0,низкое качество
bf6c53c69618b430efe0e126acbfc77a,110.0,среднее качество
bf6c53c69618b430efe0e126acbfc77a,153.0,среднее качество
c1e45aa4c4e7fd37dbcd247ab0302d07,125.0,среднее качество
1ff7059b2cad138a0733080d30e2b7f9,130.0,среднее качество
1ff7059b2cad138a0733080d30e2b7f9,0.0,низкое качество
7709ba31a07079eb99c9a6e603a7f955,158.0,среднее качество
3234a53945862051749f66a8aa0b78f9,0.0,среднее качество
3234a53945862051749f66a8aa0b78f9,113.0,среднее качество
45307e922796c3f2729f9c8a0329c505,132.0,среднее качество
a4ab7c0046095d0edaa9912a70bd9a24,65.0,среднее качество
db9947ee0fbc7f53447ab68bca6af0a1,115.0,среднее качество
a4ab7c0046095d0edaa9912a70bd9a24,200.0,низкое качество
a4ab7c0046095d0edaa9912a70bd9a24,110.0,среднее качество
a4ab7c0046095d0edaa9912a70bd9a24,200.0,среднее качество
f100d48d4b0b7d98cb5f17ae5dd6506c,0.0,низкое качество
68a7b98a35fac011108c1cd70ee49ed3,147.0,среднее качество
c1e45aa4c4e7fd37dbcd247ab0302d07,195.0,среднее качество
c1e45aa4c4e7fd37dbcd247ab0302d07,64.1,среднее качество
68a7b98a35fac011108c1cd70ee49ed3,215.0,низкое качество
3a64ba1b382ffeb0c514a4a569acff44,195.0,среднее качество
3a64ba1b382ffeb0c514a4a569acff44,212.0,среднее качество
5a4202dcf17adc169ba49fb8dcd29072,178.0,среднее качество
8b6c2950e9411bab171d55c1c800845c,234.0,среднее качество
8b6c2950e9411bab171d55c1c800845c,162.0,среднее качество
8b6c2950e9411bab171d55c1c800845c,140.0,низкое качество
23fbbfd751667ca3ea867ad527568232,152.0,среднее качество
3eec5518468a51cd8052303486601247,164.0,среднее качество
3eec5518468a51cd8052303486601247,170.0,среднее качество
1f60232d501d273670259f0002142696,140.0,среднее качество
744b75db1f4f30b28579246cfed2cd5b,110.0,среднее качество
753e57acaa765da4b9fd44a612a30b4b,0.0,низкое качество
753e57acaa765da4b9fd44a612a30b4b,370.0,среднее качество
1f60232d501d273670259f0002142696,111.0,среднее качество
744b75db1f4f30b28579246cfed2cd5b,125.0,среднее качество
eba55afd6154ccb1f102b29e55feac11,232.0,среднее качество
eba55afd6154ccb1f102b29e55feac11,220.0,среднее качество
744b75db1f4f30b28579246cfed2cd5b,145.0,низкое качество
744b75db1f4f30b28579246cfed2cd5b,145.2,низкое качество
eba55afd6154ccb1f102b29e55feac11,254.0,среднее качество
ade7c5bca6460d966b8523b72197c598,160.0,среднее качество
ade7c5bca6460d966b8523b72197c598,195.8,среднее качество
ed9d29c6b7eb1204608e2741ead69c25,161.0,низкое качество
ea9eb352e2af03f62402ac55be495feb,140.0,среднее качество
644c2322bf8c1ecbce7e578eb81fa842,142.0,низкое качество
ea9eb352e2af03f62402ac55be495feb,140.0,среднее качество
ea9eb352e2af03f62402ac55be495feb,164.0,среднее качество
ea9eb352e2af03f62402ac55be495feb,174.9,низкое качество
053c7b37c95c4617f331791134227db7,230.0,среднее качество
053c7b37c95c4617f331791134227db7,120.0,среднее качество
8cba2420cb3bf133aecdbcc967c3f628,130.0,среднее качество
053c7b37c95c4617f331791134227db7,95.0,среднее качество
b096ff65fdedb9b12216e48c146ec6e3,246.0,среднее качество
cbe36da0a4d1deebba416c2e009b9ef0,240.0,среднее качество
8cba2420cb3bf133aecdbcc967c3f628,120.0,среднее качество
798dfaf310560d3b3ccb245668d82f22,192.0,низкое качество
798dfaf310560d3b3ccb245668d82f22,155.0,среднее качество
3fda519da8f720c7507f9817e7fed9ac,230.0,среднее качество
3fda519da8f720c7507f9817e7fed9ac,150.0,среднее качество
3fda519da8f720c7507f9817e7fed9ac,130.0,среднее качество
e601d74a6d367d4bf0fb74216adb95b5,170.0,среднее качество
e30682674316c62c504bfc54e4fb460b,151.0,среднее качество
e3522abc028d4eb088ed356cd3d2e49c,130.0,среднее качество
56c22d489907b380de190c17945e28d1,266.0,среднее качество
2326c5a8e8c7d3d752cf16e8d29515de,96.0,среднее качество
2326c5a8e8c7d3d752cf16e8d29515de,177.0,среднее качество
64fcc93f7557e22482c171cac2e07d82,150.0,среднее качество
04d7884a9f7019671285b87ca468d0f1,234.0,среднее качество
04d7884a9f7019671285b87ca468d0f1,230.0,среднее качество
5a6f924f9bac7b13d44b26d9a2927bf4,140.0,среднее качество
7a959be39973208db7ae26ddea82fb8a,173.0,среднее качество
cda627efd1549ecb72fa7931685d5aa3,135.0,среднее качество
5a6f924f9bac7b13d44b26d9a2927bf4,52.0,среднее качество
5a6f924f9bac7b13d44b26d9a2927bf4,0.0,среднее качество
5a6f924f9bac7b13d44b26d9a2927bf4,44.0,низкое качество
506cc18f8bb8a3ba0b0d51ab69deeff8,0.0,среднее качество
1e84fd3c5c3081bbb511bcd72a0bdb39,287.0,среднее качество
1e84fd3c5c3081bbb511bcd72a0bdb39,0.0,среднее качество
36e0d53a73206bd51483a390fae489c7,0.0,низкое качество
e60e9600e9fe63a14d67342873974e56,321.9,среднее качество
5fbee0cb54acfac5ad4b19f6a550f2e1,0.0,низкое качество
deed95fb1f5eab30a384ea91fc8c3dba,0.0,среднее качество
1c1e93a60bd298a468b52d2438424947,211.5,среднее качество
1c1e93a60bd298a468b52d2438424947,200.0,среднее качество
ceed2d69541596760b6691cf2e67051f,270.6,среднее качество
ceed2d69541596760b6691cf2e67051f,261.7,среднее качество
02bd0350b7f0cef7af7ca50801d89810,256.0,среднее качество
02bd0350b7f0cef7af7ca50801d89810,254.3,среднее качество
80d416d13a51895f6d681c48d42803ed,259.0,среднее качество
86854f0b0b900eb94d07fdd8d8a8602e,0.0,среднее качество
0ea0a5fbb3dc2f41fcbdd591f1e026a2,275.0,среднее качество
0ea0a5fbb3dc2f41fcbdd591f1e026a2,360.0,среднее качество
80d416d13a51895f6d681c48d42803ed,252.0,среднее качество
359920cc5430cb2962a595b6c21cda3b,262.7,среднее качество
e3297a80a3a375a08266cc67d21b54fb,239.4,среднее качество
b8c532142cb28a41f2692647bc419fb6,245.0,среднее качество
9c52c1cc2a7a67576542e989475da7f5,236.0,среднее качество
984d231a56ddf1755c7daf3c6dd74601,240.0,среднее качество
8e1938a8124a80b8d91b984d056e50d4,295.4,высокое качество
8e1938a8124a80b8d91b984d056e50d4,285.0,среднее качество
4543c6c76f3e160c48ed499b63dbe98b,251.15,среднее качество
4543c6c76f3e160c48ed499b63dbe98b,251.0,низкое качество
86d369905963a6b3000df6ac750f9744,0.0,среднее качество
86d369905963a6b3000df6ac750f9744,395.0,среднее качество
86d369905963a6b3000df6ac750f9744,248.0,высокое качество
cc3fecdd18ba142d01b791d6104c6ab2,249.0,среднее качество
15a51a0de838bdb2a3a48d70278b43d5,255.0,среднее качество
5a1a4d2b9e281e1c587b0395b39c01af,0.0,высокое качество
2ab4532d8cf5129fd9f58bd3fc181768,282.0,низкое качество
2ab4532d8cf5129fd9f58bd3fc181768,220.0,среднее качество
2ab4532d8cf5129fd9f58bd3fc181768,220.0,среднее качество
2ab4532d8cf5129fd9f58bd3fc181768,271.0,низкое качество
5a1a4d2b9e281e1c587b0395b39c01af,300.0,низкое качество
912f831b256502ae2e364fcf40377906,263.0,среднее качество
65a519455590214f7c4494d1790d51a8,273.0,среднее качество
1b9e45ebbd67eae521ddaab76d8deb1a,353.7,среднее качество
8bdb19e0eecb6cca81fdd3f7bc58eebf,0.0,низкое качество
38ffaacf7b8d60b68d9c7044141e54bc,0.0,среднее качество
38ffaacf7b8d60b68d9c7044141e54bc,300.0,низкое качество
38ffaacf7b8d60b68d9c7044141e54bc,249.2,низкое качество
4571b100370d786862db8e03e3e38e5a,325.0,низкое качество
4571b100370d786862db8e03e3e38e5a,0.0,низкое качество
75d6a78f08a827daa1cad0a9b6032823,211.0,среднее качество
74847140da9cedde0dfa2fc40e6d6c74,210.0,среднее качество
74847140da9cedde0dfa2fc40e6d6c74,183.7,низкое качество
74847140da9cedde0dfa2fc40e6d6c74,0.0,низкое качество
d3b63715faebec4d81754c3e7a3ad836,270.3,среднее качество
fc73d9d98621e750b923524cfbc4d09b,256.4,среднее качество
aa3dc72b6f40042634a2335fc2266082,223.0,среднее качество
aa3dc72b6f40042634a2335fc2266082,0.0,среднее качество
fc73d9d98621e750b923524cfbc4d09b,284.8,среднее качество
897268660bdb9f7de7311b8610eb7a4b,300.23,среднее качество
44526ca6f359c464df4590a567301570,395.0,низкое качество
44526ca6f359c464df4590a567301570,385.0,среднее качество
a48cbcbc015dec9f031a07cb658802ee,255.0,среднее качество
c5a7c4b92e1ee3d65032385f0326d33f,185.0,высокое качество
8d67775bcec7622c89b920ca2ef3a481,0.0,низкое качество
2467cca915e0bdbef7f43572fa63af08,0.0,низкое качество
34ece3d9bcd82bd6be4b374cf1ce71b0,0.0,среднее качество
4571b100370d786862db8e03e3e38e5a,252.3,среднее качество
4571b100370d786862db8e03e3e38e5a,366.0,низкое качество
2467cca915e0bdbef7f43572fa63af08,398.38,среднее качество
2467cca915e0bdbef7f43572fa63af08,244.5,среднее качество
2bc858b86e1cff828908eb5c396ae38e,254.0,среднее качество
17937e3e75034f8b4614b7231d4d989b,0.0,низкое качество
065b308066161ae96d2f1f8bca1afe0e,0.0,низкое качество
722e35e0a0013ae27c95bb176e71ac51,295.0,среднее качество
722e35e0a0013ae27c95bb176e71ac51,0.0,среднее качество
4b3b8c7d50e0417709d3ec24b9dfd6e5,246.0,низкое качество
b3ba577b74dc29690cf11505b902dade,258.0,высокое качество
cb4db678d1df33abb07c246056965936,301.0,среднее качество
cb4db678d1df33abb07c246056965936,173.8,среднее качество
cb4db678d1df33abb07c246056965936,225.6,среднее качество
15e27270654bb79bfa7c3b93f244fa8f,187.0,низкое качество
f4bbc42a9a9e4d5096de8d52498f5776,312.8,среднее качество
f4bbc42a9a9e4d5096de8d52498f5776,236.0,среднее качество
f4bbc42a9a9e4d5096de8d52498f5776,0.0,среднее качество
8d91d5f562643804e531e9ebc0c38671,235.4,среднее качество
779cb52e28e107b6dc15c5ad4ea81ce4,0.0,низкое качество
cb4b05b61fe15973d98226ecf24ad66b,305.9,низкое качество
101c2d447c54bf4798d4e8942a1b5b50,213.0,среднее качество
101c2d447c54bf4798d4e8942a1b5b50,292.7,низкое качество
1e2ae3e936382b1dfdefd7ce3fc63d56,259.3,низкое качество
70c754d2943637baa38189b115c12c30,180.0,результат ненадежен
1c76c16d6f5e5b2647d4adb180ef156d,116.0,результат ненадежен
1c76c16d6f5e5b2647d4adb180ef156d,110.0,результат ненадежен
1763f50093770656397873fc691265f1,190.0,среднее качество
1763f50093770656397873fc691265f1,247.2,среднее качество
da6adb51ff45fe0fc91e316bb62f0a90,290.4,среднее качество
a097f9b2f7c3f5f01443fa2ddae1b39d,91.0,результат ненадежен
47e2501363b3d10bb6826cd7d1bed6e0,204.0,результат ненадежен
47e2501363b3d10bb6826cd7d1bed6e0,192.0,результат ненадежен
47e2501363b3d10bb6826cd7d1bed6e0,230.0,результат ненадежен
f9be846d0d7fd19adf0b0dcc4c7a82ff,214.0,среднее качество
3e6bb038ae52e2c24b40e6b007d0aabb,0.0,низкое качество
3e6bb038ae52e2c24b40e6b007d0aabb,155.0,среднее качество
3e6bb038ae52e2c24b40e6b007d0aabb,260.0,среднее качество
33ade9a545e41ba0ab1112242afa96be,241.8,результат ненадежен
33ade9a545e41ba0ab1112242afa96be,130.0,результат ненадежен
33ade9a545e41ba0ab1112242afa96be,128.7,результат ненадежен
33ade9a545e41ba0ab1112242afa96be,158.0,результат ненадежен
a1d637c2552d4cfb99695aaef6141914,302.0,результат ненадежен
97a140dfc00b5c77c8747261cdff8579,0.0,результат ненадежен
97a140dfc00b5c77c8747261cdff8579,0.0,результат ненадежен
9f6d16dfa89c9b2868216f2e2f5be3e2,142.0,результат ненадежен
9f6d16dfa89c9b2868216f2e2f5be3e2,165.0,результат ненадежен
9f6d16dfa89c9b2868216f2e2f5be3e2,137.0,результат ненадежен
9f6d16dfa89c9b2868216f2e2f5be3e2,273.6,низкое качество
9f6d16dfa89c9b2868216f2e2f5be3e2,264.6,низкое качество
4db4d46025c891a84b33f836f6547981,270.8,результат ненадежен
514e929c74efebdc2a189134718b114d,126.0,низкое качество
514e929c74efebdc2a189134718b114d,110.0,низкое качество
2d4324ad6f0ab95e0570aff40c580b9b,220.0,среднее качество
2d4324ad6f0ab95e0570aff40c580b9b,250.0,результат ненадежен
89d8a6befb17f42494a91173c84446bd,286.0,среднее качество
7fbb796cc42d6e00c140078bacbdf42d,0.0,результат ненадежен
7fbb796cc42d6e00c140078bacbdf42d,200.7,результат ненадежен
11a9ec373db79f6386c352de776fc373,95.0,результат ненадежен
4db4d46025c891a84b33f836f6547981,403.0,результат ненадежен
89d8a6befb17f42494a91173c84446bd,240.0,среднее качество
89d8a6befb17f42494a91173c84446bd,184.0,результат ненадежен
89d8a6befb17f42494a91173c84446bd,109.8,результат ненадежен
89d8a6befb17f42494a91173c84446bd,160.0,результат ненадежен
265371ffde76fcffc7e4959a4bdc3ecf,130.0,результат ненадежен
265371ffde76fcffc7e4959a4bdc3ecf,164.0,результат ненадежен
bf318a27376e1c5645176ec275cfa222,460.0,результат ненадежен
d7e88ed014ceffe2232d9e913887c7e6,198.0,результат ненадежен
d7e88ed014ceffe2232d9e913887c7e6,198.2,низкое качество
d7e88ed014ceffe2232d9e913887c7e6,295.1,низкое качество
a4ee245460284581dc7624d6ba85abe8,240.0,результат ненадежен
a4ee245460284581dc7624d6ba85abe8,201.0,результат ненадежен
a4ee245460284581dc7624d6ba85abe8,145.0,результат ненадежен
6b68ae1be719488f259414bcb925ce37,242.2,высокое качество
a72d6b3c2476e606745f4c00ab320989,143.0,результат ненадежен
a72d6b3c2476e606745f4c00ab320989,145.0,результат ненадежен
a72d6b3c2476e606745f4c00ab320989,128.3,результат ненадежен
f1697755b5131492ee34f79f0ac66474,0.0,результат ненадежен
f1697755b5131492ee34f79f0ac66474,255.0,результат ненадежен
09dfc186d24aab3aa8fc541f3561a3dd,155.0,среднее качество
ce5f36e323ed572f9e9792617d7f06d7,166.0,результат ненадежен
ce5f36e323ed572f9e9792617d7f06d7,200.4,низкое качество
49ae3723488d7438951a38623e047df9,170.0,среднее качество
ce5f36e323ed572f9e9792617d7f06d7,180.0,низкое качество
212d42ed6f1ff517cceaebea489c54c4,220.0,среднее качество
6874f2a16d39d2d02358a616e3b9661e,173.0,результат ненадежен
4c9a263ac1b30223bc1512f7582a8431,125.0,среднее качество
49ae3723488d7438951a38623e047df9,267.5,низкое качество
212d42ed6f1ff517cceaebea489c54c4,362.0,результат ненадежен
1bd23e069c7dfbedc14ccf2e309b87d3,115.0,результат ненадежен
312b54c7b34ab76c43f0e4c6894c7cce,227.6,результат ненадежен
4052a766179bb8a037037fe0a163e5e6,265.0,среднее качество
4052a766179bb8a037037fe0a163e5e6,283.0,среднее качество
29b31ceb116b13b55f2bebdd889cd340,175.0,среднее качество
29b31ceb116b13b55f2bebdd889cd340,258.0,среднее качество
390f816cc9605129f700f7cc53ada7c3,375.6,среднее качество
390f816cc9605129f700f7cc53ada7c3,176.0,среднее качество
1985ce133e46136b7d36e49a8ab3a49c,216.9,результат ненадежен
1985ce133e46136b7d36e49a8ab3a49c,240.0,результат ненадежен
b23b5b7b96eaf56f7da0df8e88ce2c7d,254.0,результат ненадежен
8638cf7ef5d7bab8114fc5b55d57f8cf,150.0,результат ненадежен
b23b5b7b96eaf56f7da0df8e88ce2c7d,325.0,результат ненадежен
dfa12d05582ecbb7a792529cb70f3443,119.0,результат ненадежен
dfa12d05582ecbb7a792529cb70f3443,144.0,среднее качество
dfa12d05582ecbb7a792529cb70f3443,232.0,среднее качество
a4a746375591075154a030fd6ee4cf67,262.0,результат ненадежен
178f3af9ca218fe3fa827b26e0b1f055,110.0,среднее качество
178f3af9ca218fe3fa827b26e0b1f055,192.0,среднее качество
178f3af9ca218fe3fa827b26e0b1f055,128.0,низкое качество
178f3af9ca218fe3fa827b26e0b1f055,120.0,низкое качество
791bbcb4c0ba6e5ca5c03f0e53e0b336,120.0,среднее качество
27ed8cb1491ff7000349cb15aa76f38d,99.9,низкое качество
741de50e542ce6ecf34d9f927bc01025,155.0,среднее качество
f713408672b1a83365fa181cd48a96e0,176.0,среднее качество
f713408672b1a83365fa181cd48a96e0,233.8,среднее качество
741de50e542ce6ecf34d9f927bc01025,210.0,низкое качество
103c9dbb809d383975c5349cbc296767,200.0,результат ненадежен
103c9dbb809d383975c5349cbc296767,125.0,результат ненадежен
7d7556704c857b8866e9739ec46a4ce0,168.0,результат ненадежен
7d7556704c857b8866e9739ec46a4ce0,77.2,результат ненадежен
7d7556704c857b8866e9739ec46a4ce0,154.1,среднее качество
f312b09169c570e58aad21c79c3848d7,219.7,результат ненадежен
f312b09169c570e58aad21c79c3848d7,275.0,результат ненадежен
f312b09169c570e58aad21c79c3848d7,185.0,результат ненадежен
9ffda40f559d378c855f7bb542eb7cf0,196.0,среднее качество
abff2d79173897d9d10978b1fe40af57,120.0,среднее качество
abff2d79173897d9d10978b1fe40af57,124.0,низкое качество
abff2d79173897d9d10978b1fe40af57,0.0,среднее качество
047a7a651d481e1c43b691c9e7dc07c9,140.0,результат ненадежен
047a7a651d481e1c43b691c9e7dc07c9,77.0,результат ненадежен
1aef50d46be37845f319e2b44970294d,184.8,низкое качество
73628a074811b6524add8e5db22bf311,276.8,среднее качество
715dd12a0970650cfba3447dad61afe1,197.0,результат ненадежен
5122418cc2a2c851546fa82d0d0990cd,131.0,среднее качество
e845395c95fc1d74f7d62d438adc4b6a,453.0,результат ненадежен
57e819bddc72cc7217ac440272d1ad8a,95.0,результат ненадежен
57e819bddc72cc7217ac440272d1ad8a,101.0,результат ненадежен
692623ac3019b57029b5fc7bb87c549e,93.6,результат ненадежен
9bdd9229dbb58ac4de5587b1998685c5,97.0,низкое качество
9bdd9229dbb58ac4de5587b1998685c5,169.3,среднее качество
adc60a2ea550588cea745d0f1f45b1f0,245.3,низкое качество
1ab6c3eef1f7d451086331e5a1480c7f,258.5,среднее качество
1ab6c3eef1f7d451086331e5a1480c7f,200.0,результат ненадежен
1ab6c3eef1f7d451086331e5a1480c7f,192.0,среднее качество
1ab6c3eef1f7d451086331e5a1480c7f,226.0,низкое качество
005642f48d3e86d871bb701bac2ba042,0.0,результат ненадежен
c26785408c8d7adcc5382fee112e3eee,111.5,результат ненадежен
c26785408c8d7adcc5382fee112e3eee,170.0,результат ненадежен
c26785408c8d7adcc5382fee112e3eee,259.0,результат ненадежен
a7c167decf248cc66b42b8a374b44674,272.0,низкое качество
8a90dcb909888eee434ee9c7692b8ac6,215.0,низкое качество
005642f48d3e86d871bb701bac2ba042,206.3,результат ненадежен
657deb87b0f725e01ce3f558beb05ce6,263.0,результат ненадежен
ec9e4e52b3b4d48435a0046141a6e65b,238.8,результат ненадежен
ec9e4e52b3b4d48435a0046141a6e65b,243.0,среднее качество
ec9e4e52b3b4d48435a0046141a6e65b,269.0,среднее качество
ffd9cc7c00874c392cd136ca81a0a3a0,240.0,результат ненадежен
ffd9cc7c00874c392cd136ca81a0a3a0,261.0,среднее качество
f6373564addf0f0061435bcae4fba3ae,170.0,результат ненадежен
ffd9cc7c00874c392cd136ca81a0a3a0,268.0,среднее качество
dab6b75ef087ee5a40c44d503dbd4941,0.0,результат ненадежен
dab6b75ef087ee5a40c44d503dbd4941,243.0,среднее качество
7a253850cb4d1309b91fe9316f5a1ed8,192.0,результат ненадежен
475478c7c1fccdf3964226610102477a,214.0,результат ненадежен
4d77a925c23bfe011453dfb08c978d2f,265.0,результат ненадежен
4d77a925c23bfe011453dfb08c978d2f,266.0,среднее качество
4d77a925c23bfe011453dfb08c978d2f,269.0,среднее качество
4d77a925c23bfe011453dfb08c978d2f,163.0,результат ненадежен
2f32a13a519b0b6a144fb7850902e74d,241.0,результат ненадежен
2f32a13a519b0b6a144fb7850902e74d,183.0,среднее качество
2f32a13a519b0b6a144fb7850902e74d,232.0,среднее качество
2f32a13a519b0b6a144fb7850902e74d,269.0,среднее качество
4ff60c99c89001658c5c42a68b99cc81,161.3,результат ненадежен
4ff60c99c89001658c5c42a68b99cc81,152.0,результат ненадежен
282732a2ace9113f8d32535244ad84e3,274.4,среднее качество
fe6637ba6939eaca6a8da0bf58b0d1d7,237.0,среднее качество
fe6637ba6939eaca6a8da0bf58b0d1d7,264.0,среднее качество
1e49be7690ee35800933041679b258a9,225.0,среднее качество
1e49be7690ee35800933041679b258a9,276.0,среднее качество
c56e6bb1631e606b395faf8b35362bed,264.5,среднее качество
f8c6e6f9d7ba01543f4e76f0ec8e6256,0.0,низкое качество
36b9b03fe6f054cefb4db3977b479d47,165.0,результат ненадежен
36b9b03fe6f054cefb4db3977b479d47,189.0,результат ненадежен
e0cc3e36c7e3b1cf17d5b8abd6a2ef50,434.2,результат ненадежен
e0cc3e36c7e3b1cf17d5b8abd6a2ef50,357.7,результат ненадежен
36b9b03fe6f054cefb4db3977b479d47,161.0,результат ненадежен
1390ea1f8bd63dd4bd04682276bcbd1d,373.5,среднее качество
bcbcef5e92bc7cddcddea2282aedf3a6,173.0,низкое качество
bcbcef5e92bc7cddcddea2282aedf3a6,130.0,низкое качество
3ab94291155c472589f689ab015023aa,251.0,среднее качество
34f0b85a7548d755810ba700bdaf498a,206.0,результат ненадежен
5c2ab8d7b3c0662c9fb78a19f383bdac,142.0,результат ненадежен
5c2ab8d7b3c0662c9fb78a19f383bdac,217.2,результат ненадежен
5c2ab8d7b3c0662c9fb78a19f383bdac,87.0,результат ненадежен
8c9796b3803d75e5b8db203524b53c7b,388.6,низкое качество
8c9796b3803d75e5b8db203524b53c7b,0.0,среднее качество
c677e7e003dee680a31ff75bfce8a6dd,249.6,среднее качество
0dfdb18a4861b7a12908648f7a531790,380.0,низкое качество
0dfdb18a4861b7a12908648f7a531790,327.5,среднее качество
a1d8308b2526617379f8451fec429df3,280.0,низкое качество
58b487691391d69d0ffb306be3fb69d0,182.0,среднее качество
58b487691391d69d0ffb306be3fb69d0,259.0,среднее качество
097278c74db2f57facb9a33a3857d995,0.0,низкое качество
097278c74db2f57facb9a33a3857d995,120.0,низкое качество
097278c74db2f57facb9a33a3857d995,160.0,низкое качество
4f8fa5005a9489c2df79b075234c0641,127.7,результат ненадежен
4f8fa5005a9489c2df79b075234c0641,130.0,результат ненадежен
d812243839776ab7d07d6396b1d70d43,150.1,низкое качество
ce2174ce2ef0a5a89fea6141051c6e39,214.0,низкое качество
06ea4252d9311316b20a10f3f8266b26,433.0,результат ненадежен
06ea4252d9311316b20a10f3f8266b26,230.0,результат ненадежен
06ea4252d9311316b20a10f3f8266b26,240.0,среднее качество
7565119f6142aa263323b8db406ee634,263.0,среднее качество
06ea4252d9311316b20a10f3f8266b26,272.0,низкое качество
5abef909aa98710f88f4da20442fec33,212.0,среднее качество
5abef909aa98710f88f4da20442fec33,275.0,низкое качество
8874679b76d4203e697bec7d597d9c90,219.0,среднее качество
a431c7b8e5d9f1f140ad7eced54eb109,182.0,среднее качество
a431c7b8e5d9f1f140ad7eced54eb109,145.0,среднее качество
a431c7b8e5d9f1f140ad7eced54eb109,195.4,результат ненадежен
a431c7b8e5d9f1f140ad7eced54eb109,214.1,результат ненадежен
120031e82e8149b7ea27d648e881eab1,254.6,среднее качество
46550c38b627c998ab6f0d605bf31dc4,244.4,низкое качество
46550c38b627c998ab6f0d605bf31dc4,181.0,результат ненадежен
46550c38b627c998ab6f0d605bf31dc4,245.8,результат ненадежен
1c641ae366dd27cfa15df6b3eb48066a,227.6,результат ненадежен
1c641ae366dd27cfa15df6b3eb48066a,259.0,результат ненадежен
1c641ae366dd27cfa15df6b3eb48066a,195.0,результат ненадежен
37c1939a3c11c153a02b86d060e88483,323.0,низкое качество
37c1939a3c11c153a02b86d060e88483,321.0,низкое качество
37c1939a3c11c153a02b86d060e88483,160.0,результат ненадежен
1c641ae366dd27cfa15df6b3eb48066a,317.8,низкое качество
1c641ae366dd27cfa15df6b3eb48066a,278.0,низкое качество
37c1939a3c11c153a02b86d060e88483,232.0,результат ненадежен
37c1939a3c11c153a02b86d060e88483,259.0,результат ненадежен
5be4c08bfeaf0956d6ca9a752817fa77,231.0,результат ненадежен
f72728147bd503c136efba622dcb7a30,0.0,результат ненадежен
a446c209e8b3c06ee9460f8fbcb69c3a,140.0,результат ненадежен
a446c209e8b3c06ee9460f8fbcb69c3a,206.7,результат ненадежен
e92de1a61c6aa6d3b28bd7e7980b6d4a,147.0,результат ненадежен
e92de1a61c6aa6d3b28bd7e7980b6d4a,192.0,результат ненадежен
e92de1a61c6aa6d3b28bd7e7980b6d4a,180.0,результат ненадежен
945b20e6368a6a286569ea4f46d4391f,166.9,результат ненадежен
76dcc4e7fe57e66c4347c2617ec043c7,116.0,результат ненадежен
945b20e6368a6a286569ea4f46d4391f,128.0,результат ненадежен
af7bec0ca729782623f35ea73dc8f821,0.0,результат ненадежен
416534103ee7f2e471d386cc5df2cb12,196.0,результат ненадежен
031f7cf95ada8d6e49ad6bd96c886d9c,83.0,результат ненадежен
9582e8a76f32ca56b349ce17dbe9b32c,455.5,результат ненадежен
9582e8a76f32ca56b349ce17dbe9b32c,95.7,результат ненадежен
dafba5fe6e87ad20085d758186cdc1cf,250.5,результат ненадежен
dd260c5e24be545a9dd8961aeb7f4fa1,268.0,среднее качество
dd260c5e24be545a9dd8961aeb7f4fa1,242.0,среднее качество
d84a959d9176806072c1eb399d7490cf,246.3,среднее качество
038753062b1b3941bbce024a2af27e18,232.3,результат ненадежен
d84a959d9176806072c1eb399d7490cf,270.5,среднее качество
d84a959d9176806072c1eb399d7490cf,332.0,результат ненадежен
beca6d9f8328b86b3687e8bf59ee016f,355.0,низкое качество
beca6d9f8328b86b3687e8bf59ee016f,400.0,низкое качество
beca6d9f8328b86b3687e8bf59ee016f,359.0,среднее качество
8fd08cf150a2b8a0d6a03e35b8867186,153.0,низкое качество
387e8429d0f4f9e70d350314cb012f52,242.0,результат ненадежен
076ba09a8e0c70e1df2c06f45d653b31,126.0,среднее качество
e41d698c54702398dacc3c29e880726c,118.0,низкое качество
e41d698c54702398dacc3c29e880726c,117.0,низкое качество
c00f38976f7316cab0a4af3376d2ffee,239.0,низкое качество
48839eaaa0199c0402291354e02011f4,190.0,среднее качество
c00f38976f7316cab0a4af3376d2ffee,199.0,среднее качество
c00f38976f7316cab0a4af3376d2ffee,128.0,низкое качество
c00f38976f7316cab0a4af3376d2ffee,96.0,низкое качество
c00f38976f7316cab0a4af3376d2ffee,124.0,среднее качество
c00f38976f7316cab0a4af3376d2ffee,87.0,среднее качество
1aaedec79837073c8d5ad95c5ffde610,100.0,среднее качество
0629ab7d6c84f651f73ec122c9bb4237,0.0,результат ненадежен
0629ab7d6c84f651f73ec122c9bb4237,156.7,низкое качество
d8dd36b312f226b99e93864b6c5ed766,216.1,среднее качество
aadbd4a5c9673d229a84be2438518b97,267.0,среднее качество
aadbd4a5c9673d229a84be2438518b97,247.0,результат ненадежен
aadbd4a5c9673d229a84be2438518b97,273.0,среднее качество
e5c332b37ca4bc903d61ed1f2b6c843f,205.0,результат ненадежен
e5c332b37ca4bc903d61ed1f2b6c843f,249.0,результат ненадежен
4798646dea982d4c5c1bf236d3eba664,235.0,низкое качество
4798646dea982d4c5c1bf236d3eba664,159.0,среднее качество
43c51ca648226149a64d64cec89712eb,264.2,результат ненадежен
43c51ca648226149a64d64cec89712eb,231.8,результат ненадежен
ea9493fd3c5199223d222ad6bab28314,0.0,результат ненадежен
ea9493fd3c5199223d222ad6bab28314,191.3,результат ненадежен
6cfbad31c5f32c61c59b03a916c00093,175.0,результат ненадежен
a7fc6aadd6359b5d0615805edf98eeef,429.0,результат ненадежен
db036a260226479029ceb71c3bceb8bd,190.0,результат ненадежен
a7fc6aadd6359b5d0615805edf98eeef,269.0,среднее качество
554a2de66befa7e154c61a60e37050cc,393.0,результат ненадежен
554a2de66befa7e154c61a60e37050cc,403.0,результат ненадежен
554a2de66befa7e154c61a60e37050cc,444.0,результат ненадежен
a7fc6aadd6359b5d0615805edf98eeef,259.0,среднее качество
a7fc6aadd6359b5d0615805edf98eeef,283.0,результат ненадежен
a7fc6aadd6359b5d0615805edf98eeef,192.0,результат ненадежен
a7fc6aadd6359b5d0615805edf98eeef,195.0,результат ненадежен
a7fc6aadd6359b5d0615805edf98eeef,230.0,результат ненадежен
dd97cad9e4ca572c4d637c1d0797ae19,254.0,низкое качество
1cb69fe220cee2ed4f1ec2439238cdf5,158.0,результат ненадежен
1cb69fe220cee2ed4f1ec2439238cdf5,126.0,результат ненадежен
1cb69fe220cee2ed4f1ec2439238cdf5,251.0,результат ненадежен
1cb69fe220cee2ed4f1ec2439238cdf5,142.0,результат ненадежен
dd97cad9e4ca572c4d637c1d0797ae19,150.0,среднее качество
dd97cad9e4ca572c4d637c1d0797ae19,0.0,среднее качество
dd97cad9e4ca572c4d637c1d0797ae19,152.0,среднее качество
a488c4cc90777cef05ceefaaaebd8aa9,273.9,среднее качество
a488c4cc90777cef05ceefaaaebd8aa9,320.8,низкое качество
82caef031d483d87aa06ab8833f6d1e2,340.0,результат ненадежен
82caef031d483d87aa06ab8833f6d1e2,333.1,результат ненадежен
a488c4cc90777cef05ceefaaaebd8aa9,0.0,результат ненадежен
35b1e1c65579f7f0b00468a951ddd4ce,456.3,низкое качество
7dc22c85497efc0834a681b9b7f59577,212.0,результат ненадежен
d36381d53629a8e2a850e63249a2e10e,143.0,результат ненадежен
c4b5b89b6ef6606c466d84292030efd8,220.0,низкое качество
c4b5b89b6ef6606c466d84292030efd8,170.0,низкое качество
bf5a5241dac3e5686d049e818a4aee49,267.2,высокое качество
4b76064cbaace6d48f1c5953b4eaad16,240.0,среднее качество
4b76064cbaace6d48f1c5953b4eaad16,0.0,среднее качество
4b76064cbaace6d48f1c5953b4eaad16,272.0,низкое качество
4b76064cbaace6d48f1c5953b4eaad16,296.0,низкое качество
4b76064cbaace6d48f1c5953b4eaad16,311.0,низкое качество
4b76064cbaace6d48f1c5953b4eaad16,334.6,низкое качество
6f6ccc0c3899cd74085a6fec755bf1e2,266.0,среднее качество
6fc687f2a2ff67f883027b20cfbd9250,200.7,результат ненадежен
6fc687f2a2ff67f883027b20cfbd9250,241.0,среднее качество
2de809426ffb2a2e06a266d635b5d241,227.0,результат ненадежен
2de809426ffb2a2e06a266d635b5d241,241.0,среднее качество
2de809426ffb2a2e06a266d635b5d241,277.0,среднее качество
1a3d0cc4d01178a716fc02dfafb7cc0a,268.0,среднее качество
6fc687f2a2ff67f883027b20cfbd9250,265.0,среднее качество
1a3d0cc4d01178a716fc02dfafb7cc0a,217.5,результат ненадежен
1a3d0cc4d01178a716fc02dfafb7cc0a,231.0,среднее качество
e6eecf29cf69b376111285abda30bcd3,118.2,результат ненадежен
e6eecf29cf69b376111285abda30bcd3,90.0,результат ненадежен
e6eecf29cf69b376111285abda30bcd3,66.0,результат ненадежен
02384c4d1324238fb99fcf66c88fbdad,310.7,низкое качество
b6d57684ae0376c5e3addc6697a501b1,163.0,низкое качество
b6d57684ae0376c5e3addc6697a501b1,268.8,низкое качество
02384c4d1324238fb99fcf66c88fbdad,155.0,среднее качество
02384c4d1324238fb99fcf66c88fbdad,190.0,среднее качество
b6d57684ae0376c5e3addc6697a501b1,70.0,среднее качество
32144a10e7af7a916ac586dd700f4252,205.0,результат ненадежен
32144a10e7af7a916ac586dd700f4252,0.0,результат ненадежен
08a150adf24e74844be252fdd26c407c,274.0,высокое качество
44b2bb9651b84a6640ee9cec8fc573ee,120.0,результат ненадежен
44b2bb9651b84a6640ee9cec8fc573ee,125.0,среднее качество
08a150adf24e74844be252fdd26c407c,70.0,результат ненадежен
04154a658a396d1c18331ebf0330744f,186.0,результат ненадежен
04154a658a396d1c18331ebf0330744f,326.0,низкое качество
04154a658a396d1c18331ebf0330744f,278.0,низкое качество
333cb091a4bab9eec1589ba0b3136de3,217.0,среднее качество
f418638850d16c7342a45ab8fa52db60,387.0,среднее качество
333cb091a4bab9eec1589ba0b3136de3,190.0,результат ненадежен
333cb091a4bab9eec1589ba0b3136de3,0.0,низкое качество
e0b1b21139620961906e9a7881c1dbc4,247.0,среднее качество
e0b1b21139620961906e9a7881c1dbc4,241.0,низкое качество
e0b1b21139620961906e9a7881c1dbc4,212.0,низкое качество
5fcdb7a8e9a31fd603ad3e5fac59d0db,224.0,результат ненадежен
5fcdb7a8e9a31fd603ad3e5fac59d0db,237.0,результат ненадежен
a2fc99d445adc1de96a7f467de2070c8,263.0,результат ненадежен
fa2ab12ddbcedd3d2330c50d88d04d17,130.0,низкое качество
bc9fbd922bdcf71c4884f6746a35d6e3,97.0,среднее качество
bc9fbd922bdcf71c4884f6746a35d6e3,103.0,среднее качество
d33af0454c15662737bdf042d95c18ad,275.0,результат ненадежен
d33af0454c15662737bdf042d95c18ad,225.0,результат ненадежен
51b6b9303fa256ba32a707a01ad748c6,245.0,низкое качество
51b6b9303fa256ba32a707a01ad748c6,174.8,результат ненадежен
b22174a22c297b66ab1e03dcae5f785d,201.6,результат ненадежен
b22174a22c297b66ab1e03dcae5f785d,200.0,среднее качество
b22174a22c297b66ab1e03dcae5f785d,255.0,среднее качество
f456d952af575b9a40e08ab9eef4f8f0,157.0,результат ненадежен
f456d952af575b9a40e08ab9eef4f8f0,162.0,результат ненадежен
fb320d5df1289157fc1374e4675323e0,193.0,результат ненадежен
817ce937b35e0936a9ffc1cfbdb4b700,213.0,среднее качество
817ce937b35e0936a9ffc1cfbdb4b700,267.8,высокое качество
844fd517dcc64c8097157bafef273884,190.0,результат ненадежен
7933616f292814cd85aa85d48eba6e5e,208.4,низкое качество
6704523bf862da89ab9f89e85469bd35,0.0,результат ненадежен
ce53457ef45b5f5b13d71072c862849c,185.0,результат ненадежен
14ceda46a67a93bd87c41914899f0616,215.0,результат ненадежен
e1cf877ac3b2ddec7836cf4be514a4ef,166.0,результат ненадежен
e1cf877ac3b2ddec7836cf4be514a4ef,247.0,результат ненадежен
e1cf877ac3b2ddec7836cf4be514a4ef,353.4,результат ненадежен
4f94a9fdb300c75ba22d3d43ce7d0fdf,166.2,низкое качество
2673cf7f6587ea26376f7d0748ebeac5,148.0,результат ненадежен
2673cf7f6587ea26376f7d0748ebeac5,148.0,результат ненадежен
5ef6821ed76ac9a8381b0beca5eac491,0.0,среднее качество
c4c023c3db25addcb85f101d47f7d823,250.8,результат ненадежен
4d6ce2e32bfdd278161f85731a7e05f8,399.8,низкое качество
c4c023c3db25addcb85f101d47f7d823,282.4,среднее качество
f34d76c453a510a645101e756bb7916b,255.0,среднее качество
f34d76c453a510a645101e756bb7916b,255.0,среднее качество
41a50b3bf58254bf28522b63896fa27e,128.0,результат ненадежен
d40615487908734418e61e1743fddc3c,238.7,результат ненадежен
3dc63c5f8a990b71048b26b0a6ac3098,90.0,результат ненадежен
3dc63c5f8a990b71048b26b0a6ac3098,125.0,результат ненадежен
3dc63c5f8a990b71048b26b0a6ac3098,190.0,среднее качество
e9ec7f9b0d4d81ad93252aff67a4924f,296.0,низкое качество
e9ec7f9b0d4d81ad93252aff67a4924f,365.0,среднее качество
14f2c87e5ee5587efb0d983596b62689,150.0,результат ненадежен
14f2c87e5ee5587efb0d983596b62689,134.0,результат ненадежен
9e9361ee4a678722163f069a51a8f799,200.0,низкое качество
9e9361ee4a678722163f069a51a8f799,177.0,низкое качество
9e9361ee4a678722163f069a51a8f799,232.0,среднее качество
9e9361ee4a678722163f069a51a8f799,143.6,среднее качество
9e9361ee4a678722163f069a51a8f799,140.0,низкое качество
27ca40a785b4a8d7c05a57d5d2a3758d,87.4,низкое качество
a138105c787689551a0fb8bf922fc732,158.0,результат ненадежен
a138105c787689551a0fb8bf922fc732,100.0,результат ненадежен
74479e41a4d58036f0c788f22d26f49b,0.0,результат ненадежен
74479e41a4d58036f0c788f22d26f49b,151.5,результат ненадежен
74479e41a4d58036f0c788f22d26f49b,281.3,низкое качество
ee964ad85efbfbcc4295f3f225bcfd35,151.7,низкое качество
ee964ad85efbfbcc4295f3f225bcfd35,70.0,среднее качество
ee964ad85efbfbcc4295f3f225bcfd35,99.0,результат ненадежен
ee964ad85efbfbcc4295f3f225bcfd35,109.0,результат ненадежен
37338d3f1587fe381bd3a24bb7bd61ba,178.0,среднее качество
37338d3f1587fe381bd3a24bb7bd61ba,0.0,низкое качество
3ef974463344fdf91533f7bcdc9497bc,0.0,среднее качество
f2ff1cd481a6715dab9f6b0204cb36eb,280.37,среднее качество
f2ff1cd481a6715dab9f6b0204cb36eb,278.5,среднее качество
f2ff1cd481a6715dab9f6b0204cb36eb,0.0,результат ненадежен
fa5687dcaa35024568981760194e11a3,239.0,низкое качество
fa5687dcaa35024568981760194e11a3,0.0,среднее качество
fa5687dcaa35024568981760194e11a3,0.0,низкое качество
fa5687dcaa35024568981760194e11a3,260.2,среднее качество
fa5687dcaa35024568981760194e11a3,233.9,низкое качество
c43a70eed6be2ca0ba61719163fcad10,0.0,низкое качество
c43a70eed6be2ca0ba61719163fcad10,230.0,низкое качество
c43a70eed6be2ca0ba61719163fcad10,242.8,среднее качество
fb8de1efd55f5f174f7cd9125aaf2736,192.7,среднее качество
8a1bb504879b7da32b431048b69dde1e,255.0,среднее качество
2abe5d8b51f5021f947961f3222c48c1,0.0,среднее качество
2abe5d8b51f5021f947961f3222c48c1,237.0,низкое качество
ab6ff4bff1be25c0dd00a4844afe0cd4,243.0,низкое качество
a3fff9b7c3cd667cacd6c541c3c5a695,146.0,высокое качество
a3fff9b7c3cd667cacd6c541c3c5a695,174.0,среднее качество
22a661dc7f2ca6f3899c6afb63e2df81,85.0,среднее качество
22a661dc7f2ca6f3899c6afb63e2df81,75.0,высокое качество
22a661dc7f2ca6f3899c6afb63e2df81,217.3,среднее качество
9adecd0aecacb7b08baabac0c9d2f811,0.0,низкое качество
9adecd0aecacb7b08baabac0c9d2f811,100.0,среднее качество
9adecd0aecacb7b08baabac0c9d2f811,143.0,низкое качество
c46e6577ed8a7b5c6390dbd510532254,175.0,среднее качество
c46e6577ed8a7b5c6390dbd510532254,180.0,среднее качество
efc27bde734b6da88040a81f8bdddf24,123.0,среднее качество
d55fa7c14dc2508fde23b0a4833b688e,380.0,среднее качество
d55fa7c14dc2508fde23b0a4833b688e,380.0,высокое качество
d55fa7c14dc2508fde23b0a4833b688e,425.5,высокое качество
d55fa7c14dc2508fde23b0a4833b688e,370.0,среднее качество
d55fa7c14dc2508fde23b0a4833b688e,390.0,низкое качество
d55fa7c14dc2508fde23b0a4833b688e,396.0,высокое качество
79a0073a4e5f43f078ea0f37287068e6,0.0,среднее качество
79a0073a4e5f43f078ea0f37287068e6,102.0,высокое качество
4af252084139ab2c2246bb5025f1e75a,0.0,среднее качество
4af252084139ab2c2246bb5025f1e75a,215.0,среднее качество
79a0073a4e5f43f078ea0f37287068e6,0.0,низкое качество
efc27bde734b6da88040a81f8bdddf24,0.0,низкое качество
26b0ef08b630ff89812938b50b628569,424.0,низкое качество
26b0ef08b630ff89812938b50b628569,436.0,среднее качество
26b0ef08b630ff89812938b50b628569,422.3,среднее качество
5e69778b215abaac60b5a9f15673a8f8,268.0,среднее качество
5e69778b215abaac60b5a9f15673a8f8,201.0,высокое качество
f12abbf02962630ac4ef91e49d077333,0.0,среднее качество
f12abbf02962630ac4ef91e49d077333,236.0,среднее качество
442c30be6d733e814a37cb9cebb9b15a,170.0,среднее качество
442c30be6d733e814a37cb9cebb9b15a,0.0,среднее качество
0556368a803a0c64972646d4bfaecd86,120.0,низкое качество
4241434fd1862869b77f1f3e22045291,122.6,среднее качество
fc330f0bffba3e7b5a612199a98a1ce0,0.0,высокое качество
1a41e8657c3273f16e0f6654d2bcdeba,131.0,высокое качество
746b3e0604dcb2d11ffb73331506ac2a,138.0,высокое качество
4241434fd1862869b77f1f3e22045291,167.0,среднее качество
4241434fd1862869b77f1f3e22045291,227.0,среднее качество
4241434fd1862869b77f1f3e22045291,135.0,среднее качество
a72e3b2cd5678607b2847d02f1781ceb,209.0,среднее качество
a72e3b2cd5678607b2847d02f1781ceb,95.0,среднее качество
499b92fb231235d07f2047cdc97bb6e1,0.0,низкое качество
499b92fb231235d07f2047cdc97bb6e1,219.7,высокое качество
250e6e1a659c831d3923500bb14442e8,389.6,высокое качество
250e6e1a659c831d3923500bb14442e8,398.5,низкое качество
250e6e1a659c831d3923500bb14442e8,245.0,среднее качество
250e6e1a659c831d3923500bb14442e8,225.0,высокое качество
d9f7dff69e85794191e06015a6086b34,193.0,среднее качество
d9f7dff69e85794191e06015a6086b34,169.0,среднее качество
d9f7dff69e85794191e06015a6086b34,210.0,среднее качество
d9f7dff69e85794191e06015a6086b34,125.2,высокое качество
abe744fa00a0cb21c377d881a1355f59,0.0,высокое качество
2d721e9205dd75bd3976a9aa0b76e618,0.0,среднее качество
a5eb08e9ed8b23eb403a72006e304a56,168.0,среднее качество
a5eb08e9ed8b23eb403a72006e304a56,165.0,среднее качество
a5eb08e9ed8b23eb403a72006e304a56,150.0,среднее качество
a5eb08e9ed8b23eb403a72006e304a56,116.5,высокое качество
2d721e9205dd75bd3976a9aa0b76e618,184.7,среднее качество
2d721e9205dd75bd3976a9aa0b76e618,185.0,среднее качество
2d721e9205dd75bd3976a9aa0b76e618,178.0,среднее качество
2d721e9205dd75bd3976a9aa0b76e618,197.0,среднее качество
2d721e9205dd75bd3976a9aa0b76e618,228.3,высокое качество
c207346c98325f81db7a23e4da078710,0.0,низкое качество
c207346c98325f81db7a23e4da078710,135.0,среднее качество
c207346c98325f81db7a23e4da078710,169.0,среднее качество
c207346c98325f81db7a23e4da078710,153.0,среднее качество
c207346c98325f81db7a23e4da078710,168.3,среднее качество
0a0106327ac0b21fe3033dc746605ecb,185.0,низкое качество
0a0106327ac0b21fe3033dc746605ecb,151.4,среднее качество
0a0106327ac0b21fe3033dc746605ecb,150.0,низкое качество
e550ef96fa9b84f3539cf3404e5c1fe8,145.0,высокое качество
e550ef96fa9b84f3539cf3404e5c1fe8,270.1,низкое качество
175da4863586bd62e76f99114fc97fac,221.0,низкое качество
175da4863586bd62e76f99114fc97fac,208.0,низкое качество
175da4863586bd62e76f99114fc97fac,155.0,среднее качество
175da4863586bd62e76f99114fc97fac,208.0,среднее качество
a698c289bcf07f95c14fd04a7390a4d2,165.0,среднее качество
a698c289bcf07f95c14fd04a7390a4d2,125.0,среднее качество
ff4b72bca181b95c5cdd7679c4dc312f,0.0,среднее качество
ff4b72bca181b95c5cdd7679c4dc312f,0.0,низкое качество
ca61aeab3a2337a10592944e3d3c5a74,0.0,низкое качество
ca61aeab3a2337a10592944e3d3c5a74,210.0,среднее качество
4727e67a56d9b67254b23f3a8ce3c7d9,110.0,низкое качество
424b371bdd4ffa24231ba0638e725d24,130.0,среднее качество
424b371bdd4ffa24231ba0638e725d24,170.0,низкое качество
424b371bdd4ffa24231ba0638e725d24,163.0,среднее качество
ca61aeab3a2337a10592944e3d3c5a74,205.0,среднее качество
1ddedb7c5763e42726e412ae1a88160f,230.0,низкое качество
fd9cd51e3c889beb7b75704c19861bff,180.0,среднее качество
fd9cd51e3c889beb7b75704c19861bff,220.0,среднее качество
ca61aeab3a2337a10592944e3d3c5a74,200.0,низкое качество
ca61aeab3a2337a10592944e3d3c5a74,0.0,низкое качество
d7f145259f0dc05d96bb41fa0183bd31,200.0,среднее качество
6d5487bc432c3a0c0f284d0cff23fedf,187.0,низкое качество
4727e67a56d9b67254b23f3a8ce3c7d9,95.0,низкое качество
cdc9f9e17f2b9cd54bf476f07e6266e1,0.0,среднее качество
4727e67a56d9b67254b23f3a8ce3c7d9,0.0,среднее качество
4727e67a56d9b67254b23f3a8ce3c7d9,140.0,низкое качество
b26c10c9db3284f12172486d76bfcb7d,148.0,среднее качество
b26c10c9db3284f12172486d76bfcb7d,225.0,среднее качество
b26c10c9db3284f12172486d76bfcb7d,135.0,низкое качество
b26c10c9db3284f12172486d76bfcb7d,160.0,среднее качество
